{
  "5.318356,51.686043": {
    "display_name": "Jacob van Maerlantstraat, Zuid, Zuidoost, 's-Hertogenbosch, Noord-Brabant, Nederland, 5216 JC, Nederland",
    "address": {
      "road": "Jacob van Maerlantstraat",
      "neighbourhood": "Zuid",
      "quarter": "Zuidoost",
      "city": "'s-Hertogenbosch",
      "municipality": "'s-Hertogenbosch",
      "state": "Noord-Brabant",
      "ISO3166-2-lvl4": "NL-NB",
      "country": "Nederland",
      "postcode": "5216 JC",
      "country_code": "nl"
    }
  },
  "5.319968,51.691133": {
    "display_name": "Weymouthstraat, Hinthammerpoort, 's-Hertogenbosch, Noord-Brabant, Nederland, 5213 TR, Nederland",
    "address": {
      "road": "Weymouthstraat",
      "neighbourhood": "Hinthammerpoort",
      "city": "'s-Hertogenbosch",
      "municipality": "'s-Hertogenbosch",
      "state": "Noord-Brabant",
      "ISO3166-2-lvl4": "NL-NB",
      "country": "Nederland",
      "postcode": "5213 TR",
      "country_code": "nl"
    }
  },
  "5.350708,51.718988": {
    "display_name": "Jupitersingel, Overlaet West, Rosmalen, 's-Hertogenbosch, Noord-Brabant, Nederland, 5241 JG, Nederland",
    "address": {
      "road": "Jupitersingel",
      "neighbourhood": "Overlaet West",
      "town": "Rosmalen",
      "municipality": "'s-Hertogenbosch",
      "state": "Noord-Brabant",
      "ISO3166-2-lvl4": "NL-NB",
      "country": "Nederland",
      "postcode": "5241 JG",
      "country_code": "nl"
    }
  },
  "5.364637,51.713117": {
    "display_name": "Bevrijdingspad, Molenhoek, Rosmalen, 's-Hertogenbosch, Noord-Brabant, Nederland, 5241 EE, Nederland",
    "address": {
      "road": "Bevrijdingspad",
      "neighbourhood": "Molenhoek",
      "town": "Rosmalen",
      "municipality": "'s-Hertogenbosch",
      "state": "Noord-Brabant",
      "ISO3166-2-lvl4": "NL-NB",
      "country": "Nederland",
      "postcode": "5241 EE",
      "country_code": "nl"
    }
  },
  "5.360306,51.722474": {
    "display_name": "Terpeborch, Overlaet West, Rosmalen, 's-Hertogenbosch, Noord-Brabant, Nederland, 5241 KB, Nederland",
    "address": {
      "road": "Terpeborch",
      "neighbourhood": "Overlaet West",
      "town": "Rosmalen",
      "municipality": "'s-Hertogenbosch",
      "state": "Noord-Brabant",
      "ISO3166-2-lvl4": "NL-NB",
      "country": "Nederland",
      "postcode": "5241 KB",
      "country_code": "nl"
    }
  },
  "5.318478,51.731315": {
    "display_name": "Spanjaardwaard, Maasakker, Empel, 's-Hertogenbosch, Noord-Brabant, Nederland, 5236 XS, Nederland",
    "address": {
      "road": "Spanjaardwaard",
      "neighbourhood": "Maasakker",
      "suburb": "Empel",
      "city": "'s-Hertogenbosch",
      "municipality": "'s-Hertogenbosch",
      "state": "Noord-Brabant",
      "ISO3166-2-lvl4": "NL-NB",
      "country": "Nederland",
      "postcode": "5236 XS",
      "country_code": "nl"
    }
  },
  "5.341274,51.697745": {
    "display_name": "Vincent van Goghlaan, Hintham-Zuid, Hintham, Rosmalen, 's-Hertogenbosch, Noord-Brabant, Nederland, 5246 GB, Nederland",
    "address": {
      "road": "Vincent van Goghlaan",
      "neighbourhood": "Hintham-Zuid",
      "town": "Rosmalen",
      "municipality": "'s-Hertogenbosch",
      "state": "Noord-Brabant",
      "ISO3166-2-lvl4": "NL-NB",
      "country": "Nederland",
      "postcode": "5246 GB",
      "country_code": "nl"
    }
  },
  "5.287888,51.692507": {
    "display_name": "Van Leeuwenhoekstraat, Boschveld, West, 's-Hertogenbosch, Noord-Brabant, Nederland, 5223 CW, Nederland",
    "address": {
      "road": "Van Leeuwenhoekstraat",
      "neighbourhood": "Boschveld",
      "quarter": "West",
      "city": "'s-Hertogenbosch",
      "municipality": "'s-Hertogenbosch",
      "state": "Noord-Brabant",
      "ISO3166-2-lvl4": "NL-NB",
      "country": "Nederland",
      "postcode": "5223 CW",
      "country_code": "nl"
    }
  },
  "5.330207,51.693684": {
    "display_name": "Crolliusstraat, Aawijk-Noord, 's-Hertogenbosch, Noord-Brabant, Nederland, 5213 GG, Nederland",
    "address": {
      "road": "Crolliusstraat",
      "neighbourhood": "Aawijk-Noord",
      "city": "'s-Hertogenbosch",
      "municipality": "'s-Hertogenbosch",
      "state": "Noord-Brabant",
      "ISO3166-2-lvl4": "NL-NB",
      "country": "Nederland",
      "postcode": "5213 GG",
      "country_code": "nl"
    }
  },
  "5.231297,51.738233": {
    "display_name": "Sint Corneliusweg, Bokhoven, 's-Hertogenbosch, Noord-Brabant, Nederland, 5221 BZ, Nederland",
    "address": {
      "road": "Sint Corneliusweg",
      "village": "Bokhoven",
      "city": "'s-Hertogenbosch",
      "municipality": "'s-Hertogenbosch",
      "state": "Noord-Brabant",
      "ISO3166-2-lvl4": "NL-NB",
      "country": "Nederland",
      "postcode": "5221 BZ",
      "country_code": "nl"
    }
  },
  "5.244408,51.722385": {
    "display_name": "2, Wuyvenhaerd, Haverleij, 's-Hertogenbosch, Noord-Brabant, Nederland, 5221 RA, Nederland",
    "address": {
      "house_number": "2",
      "road": "Wuyvenhaerd",
      "quarter": "Haverleij",
      "city": "'s-Hertogenbosch",
      "municipality": "'s-Hertogenbosch",
      "state": "Noord-Brabant",
      "ISO3166-2-lvl4": "NL-NB",
      "country": "Nederland",
      "postcode": "5221 RA",
      "country_code": "nl"
    }
  },
  "5.304712,51.724300": {
    "display_name": "Kwartierenlaan, Maasdal, Empel, 's-Hertogenbosch, Noord-Brabant, Nederland, 5235 JE, Nederland",
    "address": {
      "road": "Kwartierenlaan",
      "neighbourhood": "Maasdal",
      "suburb": "Empel",
      "city": "'s-Hertogenbosch",
      "municipality": "'s-Hertogenbosch",
      "state": "Noord-Brabant",
      "ISO3166-2-lvl4": "NL-NB",
      "country": "Nederland",
      "postcode": "5235 JE",
      "country_code": "nl"
    }
  }
}